<?xml version="1.0" encoding="UTF-8" ?>
<ISUI>
    <Window name='EQ2CooldownTracker' Template='Window'>
        <X>24</X>
        <Y>20</Y>
        <Border>0</Border>
        <StorePosition>1</StorePosition>
        <Resizable>1</Resizable>
        <Width>350</Width>
        <Height>500</Height>
        <Title>Cooldown Tracker</Title>
        <TitleBar template='window.Titlebar'>
            <Children>
                <Text Name="Title" Template="Window.TitleBar.Title">
                    <Alignment>Center</Alignment>
                    <Font>
                        <Color>FFFFFFFF</Color>
                        <Size>14</Size>
                        <Bold />
                    </Font>
                </Text>
                
                <CommandButton name='Custom Quit Button' Template='window.Titlebar.Close'>
                    <X>r18</X>
                    <Y>0</Y>
                    <Width>16</Width>
                    <Height>16</Height>
                    <OnLeftClick>
                        if ${Script[EQ2CooldownTracker](exists)}
                          endscript eq2cooldowntracker
                    </OnLeftClick>
                </CommandButton>
            </Children>
        </TitleBar>
        <OnUnLoad>
          if ${Script[EQ2CooldownTracker](exists)}
            endscript eq2cooldowntracker
        </OnUnLoad>
        <OnLeftClick>
            This:SetFocus
        </OnLeftClick>
        <Children>
            <ListBox Name='lstboxCDlist' template='ListBox'>
                <X>0</X>
                <Y>0</Y>
                <Width>100%</Width>
                <Height>100%</Height>
                <SortType>value</SortType>
                <Font>
                    <Name>Terminal</Name>
                    <Size>14</Size>
                </Font>
                <BackgroundColor>1</BackgroundColor>
                <SelectionColor>0</SelectionColor>
            </ListBox>
        </Children>
    </Window>
</ISUI>