﻿<?xml version='1.0' encoding='UTF-8'?>
<!-- Generated by LavishSettings v2 -->
<InnerSpaceSettings>
	<Setting Name="1">shadowed lunar berry bush</Setting>
	<Setting Name="2">shadowed coalesced stone cluster</Setting>
	<Setting Name="3">shadowed soft metal vein</Setting>
	<Setting Name="4">Shadowed Fallen Branch</Setting>
	<Setting Name="5">shadowed rockhopper den</Setting>
	<Setting Name="6">shadowed crawling root break</Setting>
	<Setting Name="7">NULL</Setting>
</InnerSpaceSettings>
